{
  "ApproveRejectPendingLoanData": [
    {
      "loanId": 1,
      "loanNo": "TEST001",
      "loanDate": "2020-12-31T18:30:00.000Z",
      "loanAmount": "10000",
      "loanStatus": "0",
      "loanTypeName": "Personal"
    },
    {
      "loanId": 2,
      "loanNo": "1",
      "loanDate": "2021-03-31T04:00:21.000Z",
      "loanAmount": "1000",
      "loanStatus": "0",
      "loanTypeName": "Personal"
    },
    {
      "loanId": 4,
      "loanNo": "1",
      "loanDate": "2021-04-03T06:04:22.000Z",
      "loanAmount": "200",
      "loanStatus": "0",
      "loanTypeName": "Health Loan"
    }
  ]
}
