{

  "ExpenseListData": [
    {
      "ID": "1",
      "ExpenseApplyDate": "12/02/2021",
      "ExpenseAmount": "1500",
      "ExpenseApplyRemarks": "For Client visit",
      "Status": "Reimbursment",
      "ReimbursmentStatusDate": "12/02/2021"
    },
    {
      "ID": "2",
      "ExpenseApplyDate": "13/02/2021",
      "ExpenseAmount": "500",
      "ExpenseApplyRemarks": "For Client visit",
      "Status": "Rejected",
      "ReimbursmentStatusDate": "13/02/2021"
    },
    {
      "ID": "3",
      "ExpenseApplyDate": "16/02/2021",
      "ExpenseAmount": "500",
      "ExpenseApplyRemarks": "For Client visit",
      "Status": "Pending",
      "ReimbursmentStatusDate": ""
    },
    {
      "ID": "4",
      "ExpenseApplyDate": "18/02/2021",
      "ExpenseAmount": "200",
      "ExpenseApplyRemarks": "For Site visit",
      "Status": "Pending",
      "ReimbursmentStatusDate": ""
    },
    {
      "ID": "5",
      "ExpenseApplyDate": "20/02/2021",
      "ExpenseAmount": "400",
      "ExpenseApplyRemarks": "For Client Meeting",
      "Status": "Reimbursment",
      "ReimbursmentStatusDate": "21/02/2021"
    }

  ]
}

