{
  "HolidayListData": [
    {
      "Holiday_Date": "23/01/2021",
      "HolidayDescription": "Netaji Subhas Chandra Bose Jayanti"
    },
    {
      "Holiday_Date": "26/01/2021",
      "HolidayDescription": "Republic Day"
    },
    {
      "Holiday_Date": "16/02/2021",
      "HolidayDescription": "Basant Panchami"
    },
    {
      "Holiday_Date": "29/03/2021",
      "HolidayDescription": "Holi"
    },
    {
      "Holiday_Date": "01/05/2021",
      "HolidayDescription": "Labour Day"
    },
    {
      "Holiday_Date": "15/08/2021",
      "HolidayDescription": "Indian Independence Day"
    },
   
    {
      "Holiday_Date": "02/10/2021",
      "HolidayDescription": "Gandhi Jayanti"
    },
    {
      "Holiday_Date": "04/11/2021",
      "HolidayDescription": "Diwali"
    }
  ]
}