{
  "HrViewSuggestionListData": [
    {
      "Id": "1",
      "SuggestionDate": "01/02/2018",
      "SuggestionDepartment": "Human Resource",
      "SuggestionHead": "Safty",
      "Remarks": "Timely leave.",
      "ReviewFirstLevelStatus": "Approved",
      "ReviewFirstLevelComment": "ok",
      "ReviewFirstLevelBy": "Project Manager"
    },
    {
      "Id": "2",
      "SuggestionDate": "05/04/2019",
      "SuggestionDepartment": "Marketing & Sales",
      "SuggestionHead": "Quality",
      "Remarks": "Need Quality Testing.",
      "ReviewFirstLevelStatus": "Rejected",
      "ReviewFirstLevelComment": "reject",
      "ReviewFirstLevelBy": "Project Manager"
    },
    {
      "Id": "3",
      "SuggestionDate": "08/09/2019",
      "SuggestionDepartment": "Human Resource",
      "SuggestionHead": "Health",
      "Remarks": "Timely Break.",
      "ReviewFirstLevelStatus": "Approved",
      "ReviewFirstLevelComment": "ok",
      "ReviewFirstLevelBy": "Project Manager"
    },
    {
      "Id": "4",
      "SuggestionDate": "01/02/2020",
      "SuggestionDepartment": "Production",
      "SuggestionHead": "Quality",
      "Remarks": "work on Time limitation",
      "ReviewFirstLevelStatus": "Approved",
      "ReviewFirstLevelComment": "ok",
      "ReviewFirstLevelBy": "Project Manager"
    },
    {
      "Id": "5",
      "SuggestionDate": "25/02/2021",
      "SuggestionDepartment": "Human Resource",
      "SuggestionHead": "Safty",
      "Remarks": "Timely leave.",
      "ReviewFirstLevelStatus": "Rejected",
      "ReviewFirstLevelComment": "reject",
      "ReviewFirstLevelBy": "Project Manager"
    }
  ]
}