{

  "LoanApplyListData": [
    {
      "Id": "1",
      "LoanId": "PL001/2018",
      "LoanType": "Personal Loan",
      "LoanAmt": "10000",
	   "ReviewFirstLevelStatus": "Approved",
	  "ReviewFirstLevelComment": "ok",
	  "ReviewFirstLevelBy": "Project Manager"
    },
    {
      "ID": "2",
	    "LoanId": "PL002/2018",
      "LoanType": "Holiday Loan",
      "LoanAmt": "100",
	   "ReviewFirstLevelStatus": "Rejected",
	  "ReviewFirstLevelComment": "reject",
	  "ReviewFirstLevelBy": "Project Manager"
    },
    {
      "ID": "3",
      "LoanType": "Medical Loan",
	    "LoanId": "PL003/2018",
      "LoanAmt": "5000",
	   "ReviewFirstLevelStatus": "Approved",
	  "ReviewFirstLevelComment": "ok",
	  "ReviewFirstLevelBy": "Project Manager"
    }

  ]
}

