{
	"ReimbursementListData": [
		{
			"Id": "1",
			"ReimbursementDate": "23/02/2021",
			"ReimbursementAmount": "18000",
			"ReimbursementTime": "10:48AM",
			"ReviewFirstLevelStatus": "Approved",
			"ReviewFirstLevelComment": "ok",
			"ReviewFirstLevelBy": "Project Manager",
			"List": [
				{
					"Id": "1",
					"RequestDate": "12/02/2021",
					"Reason": "TA",
					"RequestAmount": "2000"
				},
				{
					"ID": "2",
					"RequestDate": "13/02/2021",
					"Reason": "DA",
					"RequestAmount": "4000"
				},
				{
					"ID": "3",
					"RequestDate": "16/02/2021",
					"Reason": "TA",
					"RequestAmount": "12000"
				}
			]
		},
		{
			"Id": "2",
			"ReimbursementDate": "18/02/2021",
			"ReimbursementAmount": "4000",
			"ReimbursementTime": "12:48PM",
			"ReviewFirstLevelStatus": "Rejected",
			"ReviewFirstLevelComment": "reject",
			"ReviewFirstLevelBy": "Project Manager",
			"List": []
		},
		{
			"Id": "3",
			"ReimbursementDate": "12/02/2021",
			"ReimbursementAmount": "2000",
			"ReimbursementTime": "04:48PM",
			"ReviewFirstLevelStatus": "Approved",
			"ReviewFirstLevelComment": "ok",
			"ReviewFirstLevelBy": "Project Manager",
			"List": [
				{
					"Id": "1",
					"RequestDate": "12/02/2021",
					"Reason": "DA",
					"RequestAmount": "1000"
				},
				{
					"ID": "2",
					"RequestDate": "13/02/2021",
					"Reason": "TA",
					"RequestAmount": "600"
				},
				{
					"ID": "3",
					"RequestDate": "16/02/2021",
					"Reason": "DA",
					"RequestAmount": "400"
				}
			]
		},
		{
			"Id": "4",
			"ReimbursementDate": "04/02/2021",
			"ReimbursementAmount": "600",
			"ReimbursementTime": "06:00PM",
			"ReviewFirstLevelStatus": "Rejected",
			"ReviewFirstLevelComment": "reject",
			"ReviewFirstLevelBy": "Project Manager",
			"List": []
		},
		{
			"Id": "5",
			"ReimbursementDate": "28/01/2021",
			"ReimbursementAmount": "800",
			"ReimbursementTime": "10:48AM",
			"ReviewFirstLevelStatus": "Approved",
			"ReviewFirstLevelComment": "ok",
			"ReviewFirstLevelBy": "Project Manager",
			"List": [
				{
					"Id": "1",
					"RequestDate": "11/01/2021",
					"Reason": "DA",
					"RequestAmount": "200"
				},
				{
					"ID": "2",
					"RequestDate": "15/01/2021",
					"Reason": "TA",
					"RequestAmount": "400"
				},
				{
					"ID": "3",
					"RequestDate": "16/01/2021",
					"Reason": "TA",
					"RequestAmount": "200"
				}
			]
		}
	]
}