
{

      "JobResponsibilityListData": [
        {
          "ResponsibilityId": "1",
          "ResponsibilityType": "Lead Generation",
          "ResponsibilityPoint": "5"
        },
        {
          "ResponsibilityId": "2",
          "ResponsibilityType": "Cold Calling",
          "ResponsibilityPoint": "5"
        },
        {
          "ResponsibilityId": "3",
          "ResponsibilityType": "Closure of Deal",
          "ResponsibilityPoint": "15"
        },
        {
          "ResponsibilityId": "4",
          "ResponsibilityType": "Payment Chasing",
          "ResponsibilityPoint": "25"
        }
      ]
}
