{
  "KRAPerformanceData": [
    {
      "Id": "1",
      "ResponsibilityType": "Recruitment",
      "ResponsibilityTargetPoint": "30",
      "ResponsibilityAchivePoint": "20",
      "FullPoint_ColorCode": "#ffa4a2",
      "ScorePoint_ColorCode": "#e57373",
      "KPIList": [
        {
          "KPI_Id": "1",
          "KPI_Name": "Short listing 30 Resume",
          "KPI_TargetPoint": "10",
          "KPI_ReachedTargetPoint": "30"
        },
        {
          "KPI_Id": "2",
          "KPI_Name": "Organising Interview",
          "KPI_TargetPoint": "10",
          "KPI_ReachedTargetPoint": "50"
        },
        {
          "KPI_Id": "3",
          "KPI_Name": "Conducting Interview",
          "KPI_TargetPoint": "15",
          "KPI_ReachedTargetPoint": "45"
        },
        {
          "KPI_Id": "4",
          "KPI_Name": "Selection Procedure",
          "KPI_TargetPoint": "15",
          "KPI_ReachedTargetPoint": "60"
        }
      ]
    },
    {
      "Id": "2",
      "ResponsibilityType": "Filing Procedure",
      "ResponsibilityTargetPoint": "35",
      "ResponsibilityAchivePoint": "30",
      "FullPoint_ColorCode": "#67daff",
      "ScorePoint_ColorCode": "#03a9f4",
      "KPIList": [
        {
          "KPI_Id": "1",
          "KPI_Name": "Printout of Document",
          "KPI_TargetPoint": "15",
          "KPI_ReachedTargetPoint": "92"
        },
        {
          "KPI_Id": "2",
          "KPI_Name": "Organise Document",
          "KPI_TargetPoint": "15",
          "KPI_ReachedTargetPoint": "80"
        }
      ]
    },
    {
      "Id": "3",
      "ResponsibilityType": "Attendance",
      "ResponsibilityTargetPoint": "30",
      "ResponsibilityAchivePoint": "20",
      "FullPoint_ColorCode": "#64b5f6",
      "ScorePoint_ColorCode": "#9be7ff",
      "KPIList": [
        {
          "KPI_Id": "1",
          "KPI_Name": "Daily Attendance",
          "KPI_TargetPoint": "40",
          "KPI_ReachedTargetPoint": "35"
        },
        {
          "KPI_Id": "2",
          "KPI_Name": "Late Attendance",
          "KPI_TargetPoint": "5",
          "KPI_ReachedTargetPoint": "20"
        }
      ]
    },
    {
      "Id": "4",
      "ResponsibilityType": "Performance Rating",
      "ResponsibilityTargetPoint": "40",
      "ResponsibilityAchivePoint": "30",
      "FullPoint_ColorCode": "#75a478",
      "ScorePoint_ColorCode": "#a5d6a7",
      "KPIList": [
        {
          "KPI_Id": "1",
          "KPI_Name": "Code Quality",
          "KPI_TargetPoint": "10",
          "KPI_ReachedTargetPoint": "20"
        },
        {
          "KPI_Id": "2",
          "KPI_Name": "Delivery Time",
          "KPI_TargetPoint": "15",
          "KPI_ReachedTargetPoint": "20"
        },
        {
          "KPI_Id": "3",
          "KPI_Name": "QA Testing Result",
          "KPI_TargetPoint": "15",
          "KPI_ReachedTargetPoint": "30"
        },
        {
          "KPI_Id": "4",
          "KPI_Name": "Activeness",
          "KPI_TargetPoint": "22",
          "KPI_ReachedTargetPoint": "30"
        }
      ]
    }
  ]
}

