{

  "LeaveBalanceList": [
    {
      "Id": "1",
      "LeaveType": "Sick Leave",
      "TotalLeave": "3",
      "UsedLeave": "1"
    },
    {
      "Id": "2",
      "LeaveType": "Casual Leave",
      "TotalLeave": "8",
      "UsedLeave": "2"
    },
    {
      "Id": "3",
      "LeaveType": "Planned Leave",
      "TotalLeave": "4",
      "UsedLeave": "2"
    },
    {
      "Id": "4",
      "LeaveType": "Maternity Leave",
      "TotalLeave": "45",
      "UsedLeave": "0"
    },
    {
      "Id": "5",
      "LeaveType": "Marriage Leave",
      "TotalLeave": "7",
      "UsedLeave": "0"
    }

  ]
}

