{

  "LeaveTypeListData": [
    {
      "ID": "1",
      "LeaveType": "Sick Leave",
      "emp_Balance": "3"
    },
    {
      "ID": "2",
      "LeaveType": "Casual Leave",
      "emp_Balance": "5"
    },
    {
      "ID": "3",
      "LeaveType": "Planned Leave",
      "emp_Balance": "2"
    },
    {
      "ID": "4",
      "LeaveType": "Maternity Leave",
      "emp_Balance": "45"
    },
    {
      "ID": "5",
      "LeaveType": "Marriage Leave",
      "emp_Balance": "7"
    }

  ]
}

