{
  "LineGraphData": [
    {

      "DesignationName": "Marketing",
      "GraphData": [
        {
          "month": "1",
          "score": "22"
        },
        {
          "month": "2",
          "score": "32"
        },
        {
          "month": "3",
          "score": "42"
        },
        {
          "month": "4",
          "score": "52"
        },
        {
          "month": "5",
          "score": "62"
        },
        {
          "month": "6",
          "score": "72"
        },
        {
          "month": "7",
          "score": "82"
        },
        {
          "month": "8",
          "score": "92"
        },
        {
          "month": "9",
          "score": "102"
        },
        {
          "month": "10",
          "score": "112"
        },
        {
          "month": "11",
          "score": "122"
        },
        {
          "month": "12",
          "score": "132"
        }
      ]
    },

    {

      "DesignationName": "HR",
      "GraphData": [
        {
          "month": "1",
          "score": "25"
        },
        {
          "month": "2",
          "score": "222"
        },
        {
          "month": "3",
          "score": "221"
        },
        {
          "month": "4",
          "score": "21"
        },
        {
          "month": "5",
          "score": "2"
        },
        {
          "month": "6",
          "score": "35"
        },
        {
          "month": "7",
          "score": "54"
        },
        {
          "month": "8",
          "score": "98"
        },
        {
          "month": "9",
          "score": "123"
        },
        {
          "month": "10",
          "score": "322"
        },
        {
          "month": "11",
          "score": "65"
        },
        {
          "month": "12",
          "score": "87"
        }
      ]
    },

    {

      "DesignationName": "OverAll",
      "GraphData": [
        {
          "month": "1",
          "score": "221"
        },
        {
          "month": "2",
          "score": "66"
        },
        {
          "month": "3",
          "score": "76"
        },
        {
          "month": "4",
          "score": "87"
        },
        {
          "month": "5",
          "score": "98"
        },
        {
          "month": "6",
          "score": "98"
        },
        {
          "month": "7",
          "score": "44"
        },
        {
          "month": "8",
          "score": "12"
        },
        {
          "month": "9",
          "score": "122"
        },
        {
          "month": "10",
          "score": "54"
        },
        {
          "month": "11",
          "score": "99"
        },
        {
          "month": "12",
          "score": "221"
        }
      ]
    },

    {

      "DesignationName": "Month",
      "GraphData": [
        {
          "month": "1",
          "score": "22"
        },
        {
          "month": "2",
          "score": "22"
        },
        {
          "month": "3",
          "score": "22"
        },
        {
          "month": "4",
          "score": "22"
        },
        {
          "month": "5",
          "score": "22"
        },
        {
          "month": "6",
          "score": "22"
        },
        {
          "month": "7",
          "score": "22"
        },
        {
          "month": "8",
          "score": "22"
        },
        {
          "month": "9",
          "score": "22"
        },
        {
          "month": "10",
          "score": "22"
        },
        {
          "month": "11",
          "score": "22"
        },
        {
          "month": "12",
          "score": "22"
        }
      ]
    }

  ]
}

