{
  "MonthlyReviewData": [
    {

      "MonthName": "30, November 2020",
      "DesignationScoreList": [
        {
          "ColorCodeBG": "#e57373",
          "ColorCodeProgress": "#ffa4a2",
          "DesignationName": "Marketing",
          "DesignationScore": "60"
        },
        {
          "ColorCodeBG": "#03a9f4",
          "ColorCodeProgress": "#67daff",
          "DesignationName": "HR",
          "DesignationScore": "70"
        }
      ]
    },

    {

      "MonthName": "30, October 2020",
      "DesignationScoreList": [
        {
          "ColorCodeBG": "#e57373",
          "ColorCodeProgress": "#ffa4a2",
          "DesignationName": "Marketing",
          "DesignationScore": "50"
        },
        {
          "ColorCodeBG": "#03a9f4",
          "ColorCodeProgress": "#67daff",
          "DesignationName": "HR",
          "DesignationScore": "60"
        }
      ]
    },

    {

      "MonthName": "30, September 2020",
      "DesignationScoreList": [
        {
          "ColorCodeBG": "#e57373",
          "ColorCodeProgress": "#ffa4a2",
          "DesignationName": "Marketing",
          "DesignationScore": "66"
        },
        {
          "ColorCodeBG": "#03a9f4",
          "ColorCodeProgress": "#67daff",
          "DesignationName": "HR",
          "DesignationScore": "60"
        }
      ]
    },

    {

      "MonthName": "30, August 2020",
      "DesignationScoreList": [
        {
          "ColorCodeBG": "#e57373",
          "ColorCodeProgress": "#ffa4a2",
          "DesignationName": "Marketing",
          "DesignationScore": "70"
        },
        {
          "ColorCodeBG": "#03a9f4",
          "ColorCodeProgress": "#67daff",
          "DesignationName": "HR",
          "DesignationScore": "80"
        }
      ]
    }
  ]
}

