  {
  "MonthWiseDetailReviewData": [

    {
      "Id": "1",
      "DesignationName": "Marketing",
      "ReviewedBy": "Amit Shaha",
      "FullPoint": "100",
      "ScorePoint": "60",
      "FullPoint_ColorCode": "#ffa4a2",
      "ScorePoint_ColorCode": "#e57373"
    },

    {
      "Id": "2",
      "DesignationName": "HR",
      "ReviewedBy": "Sanjukta Biswas",
      "FullPoint": "100",
      "ScorePoint": "70",
      "FullPoint_ColorCode": "#67daff",
      "ScorePoint_ColorCode": "#03a9f4"
    }


  ]
}

