{
  "attendancestatuslist": [
    {
      "attendanceDate": "26/01/2021",
      "punchIn": "2021-01-26T09:30:20.000Z",
      "punchOut": "2021-01-26T20:30:20.000Z",
      "breakTime": "1Hr 30Mins",
      "totalWork": "7Hr 30Mins"
    },
    {
      "attendanceDate": "25/01/2021",
      "punchIn": "2021-01-25T09:30:20.000Z",
      "punchOut": "2021-01-25T20:30:20.000Z",
      "breakTime": "1Hr 00Mins",
      "totalWork": "7Hr 00Mins"
    },
    {
      "attendanceDate": "24/01/2021",
      "punchIn": "2021-01-24T09:30:20.000Z",
      "punchOut": "2021-01-24T20:30:20.000Z",
      "breakTime": "2Hr 30Mins",
      "totalWork": "6Hr 30Mins"
    },
    {
      "attendanceDate": "23/01/2021",
      "punchIn": "2021-01-23T09:30:20.000Z",
      "punchOut": "2021-01-23T20:30:20.000Z",
      "breakTime": "1Hr 30Mins",
      "totalWork": "7Hr 30Mins"
    },
    {
      "attendanceDate": "22/01/2021",
      "punchIn": "2021-01-22T09:30:20.000Z",
      "punchOut": "2021-01-22T20:30:20.000Z",
      "breakTime": "2Hr 30Mins",
      "totalWork": "6Hr 30Mins"
    }
  ]
}
