{

  "NotificationListData": [
    {
      "Notification_id": "1",
      "Notification_Date": "23/01/2021",
      "Notification_by": "Admin",
      "Notification_Body": "‘In dust we trust’: Nasa posts fascinating pics of 5th brightest galaxy in sky",
      "Notification_img_url": "https://images.hindustantimes.com/img/2021/03/20/550x309/NASA_1616218131440_1616218153811.PNG",
      "Notification_v_url": "https://videocdn.bodybuilding.com/video/mp4/62000/62792m.mp4"
    },
    {
      "Notification_id": "2",
      "Notification_Date": "26/01/2021",
      "Notification_by": "Hr",
      "Notification_Body": "For some scientists, Mars 2020 is a mission of perseverance",
      "Notification_img_url": "",
      "Notification_v_url": "https://www.learningcontainer.com/wp-content/uploads/2020/05/sample-mp4-file.mp4"
    },
    {
      "Notification_id": "3",
      "Notification_Date": "16/02/2021",
      "Notification_by": "Admin",
      "Notification_Body": "NASA and Elon Musk's SpaceX Sign Joint Agreement To Improve Space Safety",
      "Notification_img_url": "https://s.w-x.co/util/image/w/in-space_5.jpg?crop=16:9&width=980&format=pjpg&auto=webp&quality=60",
      "Notification_v_url": "http://commondatastorage.googleapis.com/gtv-videos-bucket/sample/BigBuckBunny.mp4"
    },
    {
      "Notification_id": "4",
      "Notification_Date": "29/03/2021",
      "Notification_by": "Admin",
      "Notification_Body": "Total Lunar Eclipse 2021: Chandra Grahan on March 26, check India timings for Blood Moon",
      "Notification_img_url": "https://english.cdn.zeenews.com/sites/default/files/2021/03/19/923902-lunar-eclipse.jpg",
      "Notification_v_url": ""
    },
    {
      "Notification_id": "5",
      "Notification_Date": "01/05/2021",
      "Notification_by": "CEO",
      "Notification_Body": "Mars used to be wet. That’s the overwhelming conclusion of the last two decades of Martian geological research based on data recorded by multiple probes and landers. It took us a lot longer to confirm the planet’s past state than its present one — we’ve had strong evidence suggesting arid conditions on Mars dating back to 1894, with additional confirming evidence gathered over the next 30 years.",
      "Notification_img_url": "",
      "Notification_v_url": "http://commondatastorage.googleapis.com/gtv-videos-bucket/sample/ElephantsDream.mp4"
    },
    {
      "Notification_id": "6",
      "Notification_Date": "15/08/2021",
      "Notification_by": "Admin",
      "Notification_Body": "An astronaut’s eye view: Life inside the International Space Station",
      "Notification_img_url": "https://europeansting.files.wordpress.com/2021/03/space-2022.jpeg?w=1024",
      "Notification_v_url": ""
    },
    {
      "Notification_id": "7",
      "Notification_Date": "02/10/2021",
      "Notification_by": "HR",
      "Notification_Body": "Chandrayaan-2 Orbiter Likely to Last For Seven Years: Minister",
      "Notification_img_url": "https://images.thequint.com/thequint%2F2020-08%2F8e834bb2-50c4-47da-8c8b-32f9693016c0%2Fchandrayaan_2_ISRO_770x433.webp?rect=0%2C0%2C770%2C433&auto=format%2Ccompress&fmt=webp&w=700&dpr=1.0",
      "Notification_v_url": "http://commondatastorage.googleapis.com/gtv-videos-bucket/sample/ForBiggerBlazes.mp4"
    },
    {
      "Notification_id": "8",
      "Notification_Date": "04/11/2021",
      "Notification_by": "Admin",
      "Notification_Body": "Mergers: Commission clears acquisition of Eaton Hydraulics by Danfoss, subject to conditions",
      "Notification_img_url": "https://europeansting.files.wordpress.com/2021/03/danfoss.jpeg?w=1024",
      "Notification_v_url": ""
    }
  ]
}

