{
  "PerformanceScoreData": [
    {
      "Id": "1",
      "Designation": "Marketing",
      "TotalPoint": "50",
      "JobResponsibilitesList": [
        {
          "ResponsibilityId": "1",
          "ResponsibilityType": "Lead Generation",
          "ResponsibilityPoint": "5"
        },
        {
          "ResponsibilityId": "2",
          "ResponsibilityType": "Cold Calling",
          "ResponsibilityPoint": "5"
        },
        {
          "ResponsibilityId": "3",
          "ResponsibilityType": "Closure of Deal",
          "ResponsibilityPoint": "15"
        },
        {
          "ResponsibilityId": "4",
          "ResponsibilityType": "Payment Chasing",
          "ResponsibilityPoint": "25"
        }
      ]
    },
    {
      "Id": "2",
      "Designation": "HR",
      "TotalPoint": "50",
      "JobResponsibilitesList": [
        {
          "ResponsibilityId": "1",
          "ResponsibilityType": "Recruitment",
          "ResponsibilityPoint": "15"
        },
        {
          "ResponsibilityId": "2",
          "ResponsibilityType": "Filing procedure",
          "ResponsibilityPoint": "5"
        },
        {
          "ResponsibilityId": "3",
          "ResponsibilityType": "Attendance",
          "ResponsibilityPoint": "30"
        }
      ]
    }
  ]
}

