{
  "Remarks": "In order to display each message within the ListView, we’ll have to create an adapter that turns a list into a set of views.",
  "ReimbursementDetailData": [
    {
      "Id": "1",
      "RequestDate": "12/02/2021",
      "RequestAmount": "2000",
      "Reason": "TA",
      "ApproveAmount": "1000"
    },
    {
      "ID": "2",
      "RequestDate": "13/02/2021",
      "RequestAmount": "4000",
      "Reason": "DA",
      "ApproveAmount": "4000"
    },
    {
      "ID": "3",
      "RequestDate": "16/02/2021",
      "RequestAmount": "12000",
      "Reason": "TA",
      "ApproveAmount": "12000"
    }

  ]
}

