{

  "ReimbursementListData": [
    {
      "Id": "1",
      "ReimbursementDate": "23/02/2021",
      "ReimbursementAmount": "18000",
      "ReimbursementTime": "10:48AM"
    },
    {
      "Id": "2",
      "ReimbursementDate": "18/02/2021",
      "ReimbursementAmount": "4000",
      "ReimbursementTime": "12:48PM"
    },
    {
      "Id": "3",
      "ReimbursementDate": "12/02/2021",
      "ReimbursementAmount": "2000",
      "ReimbursementTime": "04:48PM"
    },
    {
      "Id": "4",
      "ReimbursementDate": "04/02/2021",
      "ReimbursementAmount": "600",
      "ReimbursementTime": "06:00PM"
    },
    {
      "Id": "5",
      "ReimbursementDate": "28/01/2021",
      "ReimbursementAmount": "800",
      "ReimbursementTime": "10:48AM"
    }

  ]
}

