{

  "SuggestionList": [
    {
      "Id": "1",
      "SuggestionDate": "01/02/2018",
      "SuggestionDepartment": "Human Resource",
      "SuggestionHead": "Safty",
      "Remarks": "Timely leave."
    },
    {
      "Id": "2",
      "SuggestionDate": "05/04/2019",
      "SuggestionDepartment": "Marketing & Sales",
      "SuggestionHead": "Quality",
      "Remarks": "Need Quality Testing."
    },
    {
      "Id": "3",
      "SuggestionDate": "08/09/2019",
      "SuggestionDepartment": "Human Resource",
      "SuggestionHead": "Health",
      "Remarks": "Timely Break."
    },
    {
      "Id": "4",
      "SuggestionDate": "01/02/2020",
      "SuggestionDepartment": "Production",
      "SuggestionHead": "Quality",
      "Remarks": "work on Time limitation"
    },
    {
      "Id": "5",
      "SuggestionDate": "25/02/2021",
      "SuggestionDepartment": "Human Resource",
      "SuggestionHead": "Safty",
      "Remarks": "Timely leave."
    }

  ]
}

