{

  "TeamMemberList": [
    {
      "Emp_Id": "1",
      "Emp_code": "001",
      "Emp_Name": "Sanjukta",
      "Emp_Designation": "HR",
      "Emp_Profile_imgUrl": "https://i0.wp.com/www.hindishayaricollections.com/wp-content/uploads/2019/10/Cute-Girl-Dp-Images-Pictures-89.jpg?resize=530%2C626&ssl=1"
    },
    {
      "Emp_Id": "2",
      "Emp_code": "002",
      "Emp_Name": "Aritri",
      "Emp_Designation": "HR",
      "Emp_Profile_imgUrl": "https://i2.wp.com/www.hindishayaricollections.com/wp-content/uploads/2019/10/Cute-Girl-Dp-Images-Pictures-43.jpg?resize=500%2C615&ssl=1"
    },
    {
      "Emp_Id": "3",
      "Emp_code": "003",
      "Emp_Name": "Dibeyndu",
      "Emp_Designation": "Hardware & Networking",
      "Emp_Profile_imgUrl": "https://www.tricksclub.com/wp-content/uploads/2018/05/Cute-Profile-pic-For-Boy.png"
    },
    {
      "Emp_Id": "4",
      "Emp_code": "004",
      "Emp_Name": "Sumon",
      "Emp_Designation": "Android Developer",
      "Emp_Profile_imgUrl": "https://i0.wp.com/www.thewodge.com/wp-content/uploads/2017/08/Best-Hairstyle-Boy-DPs.jpg?resize=366%2C484"
    },
    {
      "Emp_Id": "5",
      "Emp_code": "005",
      "Emp_Name": "Jay",
      "Emp_Designation": "Android Developer",
      "Emp_Profile_imgUrl": "https://i.pinimg.com/originals/1e/64/44/1e6444f58758e5687f5611dcae6f8718.jpg"
    },
    {
      "Emp_Id": "6",
      "Emp_code": "006",
      "Emp_Name": "Nilam",
      "Emp_Designation": "PHP Developer",
      "Emp_Profile_imgUrl": "https://i2.wp.com/www.hindishayaricollections.com/wp-content/uploads/2019/10/Cute-Girl-Dp-Images-Pictures-37.jpg?resize=533%2C621&ssl=1"
    },
    {
      "Emp_Id": "7",
      "Emp_code": "007",
      "Emp_Name": "Sumit",
      "Emp_Designation": "Backend Developer",
      "Emp_Profile_imgUrl": "https://encrypted-tbn0.gstatic.com/images?q=tbn:ANd9GcQrXnPYvehE1e7rwUuQp2Xso2hRhs5PqHVYSy_eNky3z165W9kKOrrddBJwyk76xZV5DAE&usqp=CAU"
    },
    {
      "Emp_Id": "8",
      "Emp_code": "008",
      "Emp_Name": "Dipali",
      "Emp_Designation": "HTML Developer",
      "Emp_Profile_imgUrl": "https://encrypted-tbn0.gstatic.com/images?q=tbn:ANd9GcRGfMEFEHnxYU1163EsyIyi-_OPF5IYU6jiQQ&usqp=CAU"
    },
    {
      "Emp_Id": "9",
      "Emp_code": "009",
      "Emp_Name": "Apurba",
      "Emp_Designation": "Hardware & Networking",
      "Emp_Profile_imgUrl": "https://wallpapercave.com/wp/wp2362811.jpg"
    },
    {
      "Emp_Id": "10",
      "Emp_code": "010",
      "Emp_Name": "Bijoy",
      "Emp_Designation": "Back Office",
      "Emp_Profile_imgUrl": "https://encrypted-tbn0.gstatic.com/images?q=tbn:ANd9GcSeuRjBIX8HB_rFtL3MpzJyJYZaHYqqxoaW8ztEym81cJPudQjBXCqjKRU0fA4mflF0d5Q&usqp=CAU"
    }
  ]
}

