{

  "LeaveBalanceList": [
    {
      "Id": "1",
      "AppliedDate": "11/01/2021",
      "Status": "Approved",
      "DayRequest": "Half Day",
      "LeaveUsed": "1.5",
      "LeaveLeft": "5",
      "Reason": "Personal work"
    },
    {
      "Id": "1",
      "AppliedDate": "28/01/2021",
      "Status": "Rejected",
      "DayRequest": "1",
      "LeaveUsed": "0.5",
      "LeaveLeft": "5",
      "Reason": "Client Support"
    },
    {
      "Id": "1",
      "AppliedDate": "11/01/2021",
      "Status": "Approved",
      "DayRequest": "Half Day",
      "LeaveUsed": "1.5",
      "LeaveLeft": "5",
      "Reason": "Personal work"
    },
    {
      "Id": "1",
      "AppliedDate": "11/01/2021",
      "Status": "Approved",
      "DayRequest": "1",
      "LeaveUsed": "2",
      "LeaveLeft": "5",
      "Reason": "Personal work"
    }

  ]
}

