{
	  "EmpId": "02",
      "DesignationId": "2",
      "EmployeeName": "Joydeep",
      "EmployeeCode": "Infy2020-001",
      "Designation": "Project Manager",
      "Department": "Project Lead",
      "flag":"1",
      "Grade": "Sr. Developer",
      "DateOfJoin": "01/05/2020",
      "Branch": "Salt Lake",
      "Sponsor": "Infymax Solutions Pvt. Ltd.",
      "EmploymentType": "Parmanent",
      "ReportedToName": "HR",
      "employeeContactNo1": "9836111111",
      "EmergencyContactNumber": "9876555555",
      "EmailId": "abc.infymax@gmail.com",
      "DateOfBirth": "22/02/1980",
      "Gender": "Male",
      "Nationality": "Indian",
      "FullAddress": "315, Martin Burn Ispace 1,Action Area 1, Newtown, Kolkata 700156, West Bengal, India",
      "UserImage": "https://encrypted-tbn0.gstatic.com/images?q=tbn:ANd9GcR90WkkmYez9qULOxIqvLEXYlILjBlBEL8mwYa2FfMUKLb-HBqkPbUeSdDYvAIlXhp5qHM&usqp=CAU",
      "EligibleLoanAmount": "5000"
}

