{
      "EmployeeName": "Jay Shankar Prasad",
      "EmployeeCode": "Infy2020-001",
      "Designation": "Android Developer",
      "Department": "Mobile Team",
      "Grade": "Team Leader",
      "DateOfJoin": "01/05/2020",
      "Branch": "Salt Lake",
      "Sponsor": "Infymax Solutions Pvt. Ltd.",
      "EmploymentType": "Parmanent",
      "ReportedToName": "HR",
      "employeeContactNo1": "9836190482",
      "EmergencyContactNumber": "9876543210",
      "EmailId": "jayshankar.infymax@gmail.com",
      "DateOfBirth": "22/04/1988",
      "Gender": "Male",
      "Nationality": "Indian",
      "FullAddress": "315, Martin Burn Ispace 1,Action Area 1, Newtown, Kolkata 700156, West Bengal, India",
      "UserImage": "https://www.soschildrensvillages.ca/sites/default/files/news/jhon-freddy-500x500.jpg",
      "EligibleLoanAmount": "5000"
}

