{
  "status": "SUCCESS",
  "message": "Successfully get user details",
    "userData": {
      "isActive": true,
      "createdOn": "2020-12-11T07:19:11.685Z",
      "_id": "5fd31d79d3c7e44b7001c723",
      "otp": "964633",
      "contactNo": "7980948963",
      "email": "example2@gmail.com",
      "panNo": "ABC123BB5",
      "gender": "Male",
      "address": "",
      "pincode": "",
      "maritalStatus": "Married",
      "dob": "12 Nov 1999",
      "employmentType": "Service",
      "userImage": "https://i.dailymail.co.uk/i/pix/2017/04/20/13/3F6B966D00000578-4428630-image-m-80_1492690622006.jpg",
      "__v": 0,
      "firstName": "Sumit",
      "lastName": "Rudra"
    }
}